name,email,gender
Trixie,ttownson0@cam.ac.uk,Female
Glynda,gbush1@myspace.com,Female
Philippine,pprobat2@storify.com,Female
Jaymie,jcorbally3@google.com.hk,Male
Godwin,geverley4@cloudflare.com,Male
Guthry,ggyorgy5@alexa.com,Male
Ema,emckilroe6@wordpress.org,Female
Inge,icherryman7@wikimedia.org,Female
Christophorus,cwestcarr8@google.co.jp,Male
Bondon,bhurd9@bbc.co.uk,Male
Davy,dbaumforda@blogs.com,Male
Donnie,dvarnesb@privacy.gov.au,Female
Marco,mfidgeonc@hugedomains.com,Male
Myron,mmcdavidd@topsy.com,Male
Vonni,vjurse@wordpress.com,Female
Brade,bfairnf@histats.com,Male
Lowrance,lclaessensg@a8.net,Male
Mozes,mklammth@umich.edu,Male
Yetta,yroseli@nba.com,Female
Mariellen,mjojicj@about.com,Bigender
Padriac,pbodleighk@princeton.edu,Male
Anna-diane,aesomel@google.ca,Female
Tildi,tgallahuem@google.co.jp,Female
Lurette,lmcgavinn@wisc.edu,Female
Lilla,ldavenallo@google.com.au,Female
Michael,mkerfutp@youtu.be,Male
Hermon,habarrowq@berkeley.edu,Male
Jason,jholganr@wikimedia.org,Male
Mae,mpolendines@stanford.edu,Female
Maure,mtathacottt@economist.com,Female
Glen,gswaylandu@adobe.com,Male
Nealson,npfeffelv@shop-pro.jp,Male
Dieter,dhartgillw@umn.edu,Male
Harlin,hshervillex@geocities.com,Male
Edgar,ewyrey@list-manage.com,Male
Thatch,ttyzackz@uiuc.edu,Male
Myrna,mdavidwitz10@nature.com,Female
Kenton,kandrea11@berkeley.edu,Male
Porter,ppellamonuten12@google.de,Male
Wiley,wmitchelson13@technorati.com,Male
Boniface,bplumbley14@ca.gov,Agender
Doralynn,dcrambie15@is.gd,Non-binary
Edeline,erolston16@histats.com,Female
Agathe,avidyapin17@blogtalkradio.com,Female
Wash,wpoppleton18@wsj.com,Male
Leonard,lgebhardt19@intel.com,Male
Bondon,bsyddon1a@ask.com,Male
Germain,gbarsby1b@who.int,Female
Lamar,lbage1c@deliciousdays.com,Male
Daffy,dyewen1d@nyu.edu,Female
Glenn,gkneaphsey1e@scribd.com,Agender
Joela,jplumbe1f@army.mil,Female
Nathaniel,nedmondson1g@liveinternet.ru,Male
Cindi,ctruluck1h@e-recht24.de,Bigender
Alfie,aellicombe1i@salon.com,Female
Rania,rsidaway1j@springer.com,Female
Reena,rmazella1k@unesco.org,Female
Pearce,pwatkiss1l@yellowbook.com,Male
Kerstin,kluety1m@dagondesign.com,Female
Ortensia,ochuter1n@patch.com,Female
Britni,bmabbe1o@hostgator.com,Female
Jaymee,jfettiplace1p@omniture.com,Non-binary
Amble,awhayman1q@plala.or.jp,Polygender
Paquito,pearles1r@alibaba.com,Male
Dido,dmcbrier1s@apple.com,Female
Honey,hjaffa1t@vistaprint.com,Female
Joycelin,jdeakan1u@webs.com,Female
Latashia,lmully1v@jalbum.net,Polygender
Cate,cleggen1w@adobe.com,Female
Christophe,cmcausland1x@istockphoto.com,Male
Ingmar,igreensite1y@msn.com,Male
Caroline,cschuler1z@businesswire.com,Female
Anthiathia,awhayman20@timesonline.co.uk,Female
Esta,edabnor21@ifeng.com,Female
Norman,nmichurin22@a8.net,Male
Royal,rmacneil23@exblog.jp,Male
Waylon,wstonhard24@forbes.com,Male
Monica,msherwyn25@miitbeian.gov.cn,Female
Oren,onazareth26@yolasite.com,Male
Avictor,aseville27@reuters.com,Male
Quill,qfounds28@arstechnica.com,Male
Trey,thendrix29@ebay.com,Male
Wallache,wentres2a@nyu.edu,Male
Dionisio,dstoke2b@google.pl,Male
Nelli,nknollesgreen2c@eventbrite.com,Female
Abram,abrittoner2d@wikipedia.org,Male
Banky,babbiss2e@nhs.uk,Male
Orville,oletcher2f@tumblr.com,Male
Wanids,wtunnock2g@cam.ac.uk,Female
Mozelle,mbog2h@ucla.edu,Female
Arley,abockin2i@eepurl.com,Male
Peyton,pmcilory2j@google.it,Male
Zach,zbugby2k@yelp.com,Male
Joaquin,jkoeppe2l@deliciousdays.com,Male
Matthieu,mleamy2m@csmonitor.com,Male
Letty,lmilch2n@census.gov,Female
Michele,mbastistini2o@mediafire.com,Female
Derron,djess2p@wikispaces.com,Agender
Randal,rcorser2q@weebly.com,Male
Darcee,dpaler2r@51.la,Female
Aldo,acubbit2s@washington.edu,Non-binary
Eldredge,ecurzon2t@about.me,Male
Beck,brehorek2u@un.org,Male
Krissie,kberling2v@cdbaby.com,Female
Barrett,blipmann2w@auda.org.au,Genderqueer
Charlena,cfairbridge2x@sciencedaily.com,Female
Wayne,wjorez2y@1und1.de,Male
Ned,nawmack2z@themeforest.net,Male
Elliot,elamort30@vkontakte.ru,Polygender
Cesaro,cphilipp31@1und1.de,Male
Carlie,cmarkus32@ihg.com,Male
Mitchell,mhartle33@unicef.org,Non-binary
Hoyt,hvanmerwe34@baidu.com,Male
Ev,escrivinor35@omniture.com,Male
Calhoun,ctroyes36@stanford.edu,Male
Jillie,jbaggallay37@google.com.br,Female
Rodrigo,rkearford38@wikimedia.org,Genderfluid
Jarret,jbauman39@gnu.org,Male
Chrystal,cvials3a@gnu.org,Female
Stanislas,smcgarva3b@php.net,Male
Morgan,mfauning3c@google.cn,Male
Gianina,gduligall3d@unesco.org,Female
Daisey,dmumby3e@eventbrite.com,Female
Rupert,rclaxson3f@acquirethisname.com,Male
Ronalda,rplatfoot3g@hostgator.com,Female
Cordey,ccunnington3h@tiny.cc,Female
Bonny,bianson3i@vkontakte.ru,Female
Georgine,gaylmore3j@bizjournals.com,Female
Gene,ggresley3k@dailymotion.com,Male
Neysa,nneilan3l@google.co.uk,Female
Skippy,sscutt3m@pinterest.com,Male
Tabbatha,tperulli3n@pbs.org,Female
Karna,kdowey3o@cmu.edu,Female
Reagan,rpakenham3p@ca.gov,Male
Clive,cfoxhall3q@creativecommons.org,Agender
Skippie,ssongest3r@behance.net,Male
Marietta,mcicconettii3s@reference.com,Female
Olive,ofreiburger3t@moonfruit.com,Female
Mella,mferraretto3u@diigo.com,Female
Andros,agartell3v@photobucket.com,Male
Andrew,aewington3w@hhs.gov,Male
Paola,peiler3x@instagram.com,Female
Derick,dgreenough3y@51.la,Male
Tootsie,tconeau3z@163.com,Female
Katerina,ktoffoloni40@wikispaces.com,Female
Blanca,bcardoo41@rakuten.co.jp,Female
Cosetta,csearch42@google.com.hk,Female
Lenci,lsaxon43@i2i.jp,Male
Hally,hrolland44@imgur.com,Female
Darrell,dlambird45@sbwire.com,Male
Lin,lmcmonnies46@noaa.gov,Male
Craggy,ccolquyte47@nifty.com,Male
Mohammed,mlesper48@netscape.com,Male
Luz,lbirkenshaw49@hud.gov,Female
Benoit,bthorington4a@bing.com,Male
Lorelle,lmish4b@craigslist.org,Female
Nesta,ndefreyne4c@cyberchimps.com,Female
Susannah,sandryunin4d@behance.net,Female
Avie,apuden4e@squidoo.com,Female
Demetra,dkilbey4f@simplemachines.org,Female
Westley,wbremen4g@berkeley.edu,Male
Marsiella,mdoole4h@ifeng.com,Female
Mallory,mlefriec4i@trellian.com,Female
Mickie,mabate4j@devhub.com,Female
Thedrick,traigatt4k@amazonaws.com,Male
Husein,harunowicz4l@google.pl,Male
Avrom,abarnard4m@yellowbook.com,Male
Junie,jedwardson4n@globo.com,Female
Gil,gfrancis4o@cbslocal.com,Male
Yetty,ybeardsdale4p@salon.com,Female
Clarabelle,cdraye4q@ucsd.edu,Non-binary
Emogene,emeatcher4r@newsvine.com,Female
Kerwinn,kjanek4s@guardian.co.uk,Male
Caren,cgethings4t@craigslist.org,Female
Raye,ressberger4u@google.com.hk,Female
Brendin,btumbelty4v@nps.gov,Male
Mead,mbrinkworth4w@utexas.edu,Genderqueer
Antonia,akuhle4x@cnn.com,Female
Whit,wmolesworth4y@ihg.com,Male
Eydie,ewitchell4z@photobucket.com,Female
Agna,akinchlea50@webs.com,Female
Wat,wchasson51@technorati.com,Genderqueer
Saunder,sworboy52@angelfire.com,Male
Hall,hboake53@ehow.com,Male
Cleopatra,cgenty54@ucoz.com,Female
Isabella,iwallworke55@hubpages.com,Female
Melvyn,mchesher56@a8.net,Male
Nigel,nlane57@123-reg.co.uk,Male
Averell,ashickle58@bandcamp.com,Male
Kirsti,khabard59@xrea.com,Female
Mollie,mbrenstuhl5a@youtu.be,Female
Garv,gbogays5b@meetup.com,Male
Auberta,ahellewell5c@bigcartel.com,Female
Jae,jmclachlan5d@drupal.org,Male
Averyl,aosbourn5e@merriam-webster.com,Female
Karol,kwooler5f@usatoday.com,Female
Der,dgibben5g@vk.com,Male
Richmond,rwestoff5h@un.org,Male
Arliene,agoning5i@slate.com,Female
Krystle,kvaz5j@google.com.au,Female
Joey,jhysom5k@amazon.de,Male
Costanza,ctocher5l@geocities.jp,Female
Adella,adeatta5m@alibaba.com,Female
Orelle,otzuker5n@wikimedia.org,Agender
Flint,fbeeswing5o@vistaprint.com,Male
Hilliard,hbousler5p@mediafire.com,Male
Nissie,nrabat5q@icq.com,Genderfluid
Antone,aarnowicz5r@scribd.com,Male
Bessy,bmenlove5s@devhub.com,Female
Maddy,msimpkins5t@slate.com,Male
Winifield,wclandillon5u@sohu.com,Male
Kenyon,kduffit5v@smh.com.au,Male
Cleve,cstinton5w@livejournal.com,Male
Taite,tarmstead5x@diigo.com,Male
Riordan,rwickman5y@lulu.com,Male
Doe,dhannibal5z@amazon.de,Female
Violante,vhawkes60@vimeo.com,Female
Olly,omcquode61@bandcamp.com,Female
Burtie,bmulligan62@vk.com,Male
Bastien,bredmell63@i2i.jp,Male
Selle,sandrewartha64@statcounter.com,Female
Jeffie,jcreaney65@twitter.com,Male
Alana,acubberley66@weibo.com,Female
Barny,bleebetter67@mayoclinic.com,Male
Isis,ipetrusch68@sbwire.com,Female
Brynne,bdulwich69@sun.com,Female
Prissie,ppreist6a@acquirethisname.com,Non-binary
Truda,tbreslau6b@yelp.com,Female
Carin,ccoleiro6c@tmall.com,Female
Ervin,eayton6d@ucoz.com,Male
Leelah,lwinmill6e@berkeley.edu,Polygender
Clementius,cbazell6f@epa.gov,Male
Buiron,bliptrot6g@mac.com,Male
Barrett,bmacginley6h@1und1.de,Male
Gaultiero,grickford6i@youtu.be,Male
Cross,cmaric6j@marriott.com,Male
Tamara,twalshe6k@wordpress.org,Female
Hadley,hsimukov6l@shop-pro.jp,Male
Suzann,sstockin6m@acquirethisname.com,Female
Lorrie,ldobbie6n@unesco.org,Female
Ephraim,edeboick6o@yelp.com,Male
Merci,mitzhaiek6p@un.org,Female
Anjela,astilwell6q@histats.com,Female
Danette,dwathell6r@ca.gov,Female
Abbey,awybourne6s@joomla.org,Male
Perkin,peydel6t@cdbaby.com,Male
Garek,gbreznovic6u@newsvine.com,Male
Kippar,kcorner6v@disqus.com,Male
Curran,ckeson6w@earthlink.net,Agender
Paula,pboyce6x@godaddy.com,Female
Beckie,bkringe6y@jiathis.com,Female
Colet,ckersley6z@google.es,Male
Hiram,hwawer70@nih.gov,Male
Dani,dkewish71@huffingtonpost.com,Bigender
Alford,amaccombe72@blog.com,Male
Sayre,sdunhill73@nasa.gov,Male
Barclay,bdering74@google.com.br,Male
Adoree,aclavering75@theatlantic.com,Bigender
Rani,rforlong76@angelfire.com,Female
Viva,vnarracott77@baidu.com,Female
Pavel,pdemann78@stanford.edu,Male
Helyn,htillett79@jiathis.com,Female
Dorothea,dscheffel7a@ustream.tv,Female
Doralynne,dkrolman7b@pen.io,Female
Romonda,rswynfen7c@sina.com.cn,Female
Rodolfo,rcarley7d@mysql.com,Male
Bendite,bmurrill7e@amazon.co.uk,Female
Corella,cgoch7f@disqus.com,Female
Bartholomew,btant7g@adobe.com,Male
Smith,salyokhin7h@sbwire.com,Male
Lynelle,lhaeslier7i@microsoft.com,Female
Valida,vyelyashev7j@icq.com,Female
Lia,llovitt7k@webmd.com,Non-binary
Esdras,epalley7l@hatena.ne.jp,Male
Ronica,rgollin7m@cpanel.net,Female
Witty,wvatcher7n@comcast.net,Male
Port,ptripet7o@foxnews.com,Male
Porter,pnormanvill7p@msu.edu,Male
Siegfried,swhittleton7q@globo.com,Male
Pablo,pronchi7r@desdev.cn,Male
Lilias,lscoble7s@berkeley.edu,Female
Natalie,ngrise7t@narod.ru,Female
Donnajean,dwindibank7u@globo.com,Female
Jonah,jburger7v@mail.ru,Male
Jordan,jtunnicliff7w@auda.org.au,Female
Meriel,mmcknish7x@chicagotribune.com,Female
Trisha,ttoppin7y@timesonline.co.uk,Female
Davin,dleghorn7z@netlog.com,Polygender
Marketa,mroantree80@shareasale.com,Female
Gaby,grattenberie81@cornell.edu,Male
Ophelia,obeese82@ow.ly,Female
Nat,nruslen83@archive.org,Bigender
Rafe,rduerden84@hatena.ne.jp,Male
Neale,nwildash85@cbslocal.com,Polygender
Bryanty,bdusting86@live.com,Male
Starlin,smoseby87@globo.com,Female
Eachelle,epackham88@creativecommons.org,Female
Phillida,pmerriday89@springer.com,Female
Correy,cgasparro8a@unesco.org,Male
Selby,srewcastle8b@deviantart.com,Male
Adham,acottel8c@joomla.org,Polygender
Carmelle,cmeldrum8d@cafepress.com,Female
Baldwin,bnoyce8e@huffingtonpost.com,Bigender
Rudyard,ryarrow8f@usa.gov,Male
Alaster,amartignoni8g@usnews.com,Agender
Franny,fvise8h@ca.gov,Female
Troy,tgrunnill8i@dmoz.org,Male
Cory,chowieson8j@nydailynews.com,Female
Farly,fmeth8k@wiley.com,Male
Irene,idebeauchamp8l@dedecms.com,Female
Helen-elizabeth,htiernan8m@so-net.ne.jp,Female
Eddie,ebanks8n@1und1.de,Genderfluid
Yurik,ycouvert8o@europa.eu,Male
Lidia,lzimmer8p@mapy.cz,Female
Bambie,bdulin8q@alibaba.com,Female
Maureen,mbew8r@smugmug.com,Female
Harmon,haberkirdo8s@sohu.com,Male
Dion,dmcclymond8t@ox.ac.uk,Male
Brennan,bmennear8u@furl.net,Male
Josie,jyerlett8v@netvibes.com,Non-binary
Baxy,bveldstra8w@pinterest.com,Male
Erena,eedwardes8x@t.co,Female
Henri,hgolling8y@irs.gov,Male
Dionysus,dhouten8z@over-blog.com,Male
Wilfred,wschachter90@rakuten.co.jp,Male
Alberto,ablofeld91@epa.gov,Male
Korella,kmatisoff92@cargocollective.com,Female
Phil,pyuryaev93@barnesandnoble.com,Female
Jamal,jmathiassen94@ovh.net,Genderqueer
Yancy,ytoleman95@1688.com,Male
Tamarra,tblayd96@jimdo.com,Female
Perle,pdemeyer97@ow.ly,Female
Seamus,squene98@123-reg.co.uk,Male
Granger,graynes99@amazon.com,Male
Kacey,kladloe9a@tmall.com,Female
Bryna,bbiskupski9b@intel.com,Female
Armando,acammidge9c@netlog.com,Male
Inga,ikittow9d@meetup.com,Female
Jemmie,jmcnellis9e@topsy.com,Female
Ginny,gpendlebury9f@jalbum.net,Female
Richart,rpinney9g@sogou.com,Male
Ann,achason9h@sohu.com,Female
Gerianne,gplumridege9i@weebly.com,Female
Pietro,ppetrello9j@house.gov,Male
Tadeo,tshanahan9k@jiathis.com,Male
Tabby,tingle9l@twitpic.com,Male
Parke,plothlorien9m@sakura.ne.jp,Male
Merla,mgouley9n@europa.eu,Female
Ellwood,eharvison9o@shop-pro.jp,Male
Myca,mdownton9p@arizona.edu,Male
Etan,elooney9q@si.edu,Male
Hodge,hmahaddy9r@arizona.edu,Male
Liliane,lbrockwell9s@marketwatch.com,Female
Maddalena,mmuat9t@cbslocal.com,Female
Candace,cdraycott9u@slate.com,Female
Klara,kwing9v@delicious.com,Female
Sherlock,smccarrison9w@uol.com.br,Male
Dale,dsotheby9x@usa.gov,Female
Catarina,clakenton9y@netscape.com,Female
Sabra,sgarmon9z@usnews.com,Female
Gisela,gdomicana0@chron.com,Female
Lorettalorna,lpitkinsa1@tripadvisor.com,Female
Nanete,ngrimsdikea2@cyberchimps.com,Genderqueer
Antonie,amcramseya3@joomla.org,Female
Rabbi,rwhyliea4@ucoz.ru,Male
Gisela,gvaena5@archive.org,Female
Theobald,tcurtaina6@tuttocitta.it,Male
Rochell,rkelleta7@about.com,Female
Carmela,cmccreaa8@mail.ru,Female
Linc,llorrainea9@jimdo.com,Male
Jewelle,jmcileenaa@mac.com,Female
Randolf,rdesbrowab@paypal.com,Male
Lindsay,lkinigac@admin.ch,Bigender
Jennine,jbootherad@dedecms.com,Female
Zarah,zparysownaae@elpais.com,Female
Emlyn,egerranaf@dot.gov,Male
Odelle,ostedeag@phoca.cz,Female
Blake,bsmaileah@slate.com,Male
Marc,mplampeynai@example.com,Male
Wain,wkroinaj@weibo.com,Male
Carita,clindeak@mozilla.org,Female
Emmie,eloveringal@nsw.gov.au,Female
Doreen,dgligoriam@blinklist.com,Non-binary
Lawrence,lflageulan@etsy.com,Male
Tessa,tjanikowskiao@gravatar.com,Female
Clay,cikinsap@chicagotribune.com,Male
Chen,cbransgroveaq@sakura.ne.jp,Male
Lyle,lvescovoar@webeden.co.uk,Male
Clareta,ccraigmyleas@cnbc.com,Female
Yvonne,ygligorijevicat@unicef.org,Female
Guilbert,golssonau@mozilla.com,Male
Carole,cmardenav@zdnet.com,Female
Sheffield,sburchmoreaw@facebook.com,Male
Dame,dlocketax@independent.co.uk,Male
Catriona,cchiplenay@altervista.org,Female
Angelico,aboissieraz@furl.net,Male
Barnabe,bshearsbyb0@reference.com,Male
Veronike,vdudekb1@tamu.edu,Female
Baillie,bjollandsb2@paypal.com,Non-binary
Bram,bessamb3@storify.com,Male
Tuckie,tjenikb4@dyndns.org,Male
Myrah,mleghornb5@friendfeed.com,Female
Annalise,ableimanb6@slideshare.net,Female
Thibaut,tbrameldb7@phoca.cz,Male
Linus,lmcadamb8@eepurl.com,Male
Olimpia,owaleworkeb9@microsoft.com,Female
Bobbie,bfewkesba@businessinsider.com,Non-binary
Fons,fbarnfatherbb@nih.gov,Male
Allys,alowdenbc@un.org,Female
Dael,dcantbd@netscape.com,Female
Tyrus,tpetronisbe@icq.com,Male
Fowler,favrahmbf@icq.com,Male
Estrellita,ecossarbg@timesonline.co.uk,Female
Rossy,rtummasuttibh@earthlink.net,Male
Liane,lwimletbi@mapquest.com,Female
Raquela,rgoosebj@ustream.tv,Female
Sigismundo,smcculloughbk@nifty.com,Bigender
Dwight,dyexleybl@wikispaces.com,Male
Mirabel,mdrakebm@theguardian.com,Agender
Raye,rlorainebn@moonfruit.com,Female
Burlie,bgladdorbo@ning.com,Male
Dov,dbeathembp@issuu.com,Male
Hillery,hslymanbq@skype.com,Male
Marv,mpiatkowskibr@scientificamerican.com,Male
Lanni,lcaughtbs@cornell.edu,Female
Birch,bdoileybt@hc360.com,Male
Herminia,hboyatbu@amazonaws.com,Female
Janice,jledburybv@state.tx.us,Female
Chrotoem,cpicktonbw@apache.org,Male
Rickey,rleportbx@bloomberg.com,Male
Ker,kgiorgeschiby@pinterest.com,Male
Sophi,schildebz@hugedomains.com,Female
Hortense,hmatussonc0@howstuffworks.com,Female
Ralph,rbownassc1@vkontakte.ru,Male
Raquela,rkeablec2@fc2.com,Female
Omero,omulhollandc3@nytimes.com,Male
Joelynn,joverstreetc4@com.com,Female
Witty,wburrc5@illinois.edu,Male
Victoria,vabeauc6@msn.com,Female
Tani,tfeakec7@issuu.com,Female
Wanda,wfoskewc8@tiny.cc,Polygender
Tami,trensc9@google.com.hk,Female
Chane,cjeenesca@google.com,Genderqueer
Aldwin,aclapsoncb@auda.org.au,Male
Alexander,aancliffcc@weebly.com,Male
Scarface,sgaulercd@unesco.org,Male
Leicester,lkitherce@google.com.hk,Male
Quillan,qwoofindencf@umn.edu,Male
My,mfritzercg@360.cn,Male
Harvey,hsnelsonch@macromedia.com,Male
Nicola,nlagdeci@wordpress.com,Male
Kassie,kbreartoncj@istockphoto.com,Female
Ric,relliceck@cam.ac.uk,Male
Karalee,kbrittancl@multiply.com,Female
Ludwig,lknightsbridgecm@networkadvertising.org,Male
Curran,coatleycn@scribd.com,Male
Janenna,jshermanco@indiatimes.com,Female
Greggory,gmcbridecp@eventbrite.com,Male
Emanuele,eloadscq@artisteer.com,Male
Silvano,sstollicr@vimeo.com,Genderqueer
Saul,sorchardcs@home.pl,Male
Harwilll,htrevorrowct@webeden.co.uk,Male
Nanni,nferricu@youtube.com,Female
Averil,astanyoncv@mozilla.org,Female
Giffard,ggreadercw@hhs.gov,Male
Quinton,qhuskcx@nps.gov,Male
Kathryne,klawliecy@auda.org.au,Female
Ange,alagaducz@nih.gov,Male
Brandise,bvassmand0@ning.com,Female
Seward,sjedrykad1@marketwatch.com,Male
Ulysses,ubrilld2@123-reg.co.uk,Agender
Clerkclaude,ceassomd3@state.tx.us,Male
Hastings,hbettond4@ihg.com,Male
Alexandre,agiercked5@wikispaces.com,Male
Lewie,livanchenkovd6@accuweather.com,Male
Kate,kbelkd7@yahoo.co.jp,Female
Mathian,mchristopherd8@usa.gov,Non-binary
Dix,dmaddend9@smugmug.com,Female
Carline,ctoyneda@digg.com,Female
Averil,avockingsdb@oakley.com,Male
Irene,iferonetdc@bandcamp.com,Female
Ronni,rgloyensdd@statcounter.com,Female
Georgetta,gverbrugghende@prnewswire.com,Female
Odette,ozelnerdf@hugedomains.com,Female
Meris,mallawydg@shinystat.com,Female
Claybourne,ckippiedh@umn.edu,Male
Idalia,ipowleslanddi@china.com.cn,Female
Gordan,ggrumbledj@ezinearticles.com,Male
Dur,ddonneelydk@livejournal.com,Male
Monty,mschindlerdl@blogspot.com,Male
Arleyne,aquerneldm@nifty.com,Female
Kimberli,kludydn@dmoz.org,Female
Kippar,kbreadmoredo@slate.com,Male
Daloris,dburragedp@umich.edu,Female
Lorianne,lalendq@spiegel.de,Female
Lewie,lkidddr@tumblr.com,Male
Sal,sbahlds@narod.ru,Female
Emmie,eremingtondt@yandex.ru,Female
Axe,abibbdu@ihg.com,Male
Pepillo,pguestdv@nba.com,Male
Annice,awardalldw@cornell.edu,Female
Falito,fyvondx@marriott.com,Male
Grove,gborlanddy@discovery.com,Male
Rick,rcolbourndz@friendfeed.com,Male
Alvinia,aibbette0@spotify.com,Female
Sabra,sbanische1@t-online.de,Female
Massimo,mwoolriche2@slashdot.org,Male
Mercie,mlangthorne3@gravatar.com,Bigender
Carmine,chatwelle4@europa.eu,Female
Jerrold,jmattholiee5@deviantart.com,Male
Virgie,vgottharde6@nytimes.com,Female
Thaddeus,tdcostae7@prlog.org,Male
Wood,wnonie8@deliciousdays.com,Male
Alfons,akilforde9@gravatar.com,Male
Louis,lclemowea@google.co.jp,Genderfluid
Lennie,losbourneeb@sina.com.cn,Male
Rand,rreanyec@blog.com,Male
Colman,cdullinged@oracle.com,Male
Devan,dmycroftee@oakley.com,Female
Rodger,rcrosenef@digg.com,Male
Modestine,mmccurtineg@sun.com,Female
Dita,dmarcombeeh@blogs.com,Female
Nikolia,noakhillei@bloglovin.com,Female
Minne,mbernardonej@mozilla.org,Female
Sofie,swordenek@soundcloud.com,Genderfluid
Aland,afuzzardel@cyberchimps.com,Male
Kylie,kdrainsem@go.com,Female
Larissa,lruvelen@arstechnica.com,Female
Caryl,cwhiteseleo@cmu.edu,Female
Bertha,bprescotep@sphinn.com,Female
Kennith,kromereq@bing.com,Male
Tabitha,tbroker@apache.org,Female
Bent,brosases@hatena.ne.jp,Bigender
Catie,cdavidouet@wired.com,Female
Selena,sjordineu@nyu.edu,Female
Wyatan,whoonahanev@amazon.de,Male
Zita,zmarieew@discovery.com,Female
Cheryl,cthallerex@feedburner.com,Female
Danni,dstanhopeey@fotki.com,Female
Annadiana,aleattez@tuttocitta.it,Female
Trev,tbrookhousef0@epa.gov,Male
Denni,ddeverauxf1@behance.net,Female
Jeniece,jmenaryf2@unc.edu,Female
Dom,dgreatorexf3@livejournal.com,Male
Salomi,sschwandnerf4@ehow.com,Female
Angie,aguerinf5@wiley.com,Male
Dunn,dwallesf6@ted.com,Male
Del,dprantlf7@sun.com,Female
Addie,ashuttlewoodf8@time.com,Male
Sayer,seastgatef9@va.gov,Male
Zelig,zphillipfa@unblog.fr,Male
Ty,tlassenfb@census.gov,Male
Omero,oyarnleyfc@tumblr.com,Male
Bathsheba,bmacgianyfd@smugmug.com,Female
Noellyn,nfeatonbyfe@chicagotribune.com,Female
Alisha,ahartwellff@hexun.com,Female
Howie,hjodlkowskifg@reuters.com,Non-binary
Juana,jfazackerleyfh@google.co.jp,Female
Joelly,jperigoefi@lycos.com,Female
Tadio,terrickerfj@indiegogo.com,Male
Ursuline,utitheridgefk@gravatar.com,Bigender
Emelen,eringefl@prweb.com,Genderqueer
Hayes,htonksfm@dailymail.co.uk,Male
Drew,dtadlowfn@ow.ly,Genderqueer
Ardisj,aaplinfo@wired.com,Female
Ephrem,egotliffefp@mozilla.org,Male
Gaelan,gnuzzifq@ocn.ne.jp,Male
Clayborne,cwolfindalefr@seesaa.net,Male
Auguste,aleetefs@cloudflare.com,Female
Henrie,hvellenderft@webs.com,Female
Urban,uespositafu@de.vu,Male
Kelley,kdavidofskifv@yahoo.com,Male
Nicolina,njerroldfw@domainmarket.com,Female
Donnajean,dkyteleyfx@ovh.net,Female
Roi,rcrocettofy@opera.com,Male
Jackquelin,jmcgeffenfz@quantcast.com,Female
Ursola,ududeneyg0@networkadvertising.org,Female
Bank,bstearndaleg1@wikia.com,Male
Alix,aseeg2@psu.edu,Genderfluid
Daisi,drewang3@cnet.com,Female
Scotti,smorrillyg4@hp.com,Male
Keelia,ktissellg5@acquirethisname.com,Female
Dulcinea,djennensg6@netscape.com,Female
Isabelle,idoolyg7@pbs.org,Female
Ulrikaumeko,ulangridgeg8@epa.gov,Female
Bale,bstearneg9@state.tx.us,Polygender
Cloe,csercombega@google.de,Female
Genvieve,glammerdinggb@feedburner.com,Female
Haskell,hplentygc@prlog.org,Male
Ashley,alegergd@archive.org,Female
Rikki,rchiverstonege@hud.gov,Male
Rosalia,rwoodfordgf@w3.org,Female
Locke,lgimletgg@mashable.com,Male
Kurtis,kwilbrahamgh@pen.io,Male
Klement,khellwinggi@about.me,Male
Abigail,abartolaccigj@xrea.com,Female
Bride,bdomesdaygk@wix.com,Female
Penny,pbrabangl@berkeley.edu,Male
Ciro,cgoodbarrgm@hp.com,Bigender
Karel,kaspenlongn@wisc.edu,Male
Lois,ltenbroekgo@webs.com,Female
Ofelia,omundiegp@jimdo.com,Non-binary
Jeanna,jroydongq@home.pl,Female
Ketty,kberrygr@cam.ac.uk,Female
Norby,nvenablegs@imgur.com,Male
Kincaid,kgrigoriscugt@chronoengine.com,Male
Rossy,rerbegu@instagram.com,Male
Roscoe,rcavellgv@biblegateway.com,Male
Erminie,ehamnettgw@upenn.edu,Genderqueer
Consuelo,cthomasgx@china.com.cn,Female
Ethel,efosdikegy@boston.com,Female
Hedwiga,hspurrgz@imgur.com,Female
Fiorenze,fmarriageh0@e-recht24.de,Female
Zita,zondrusekh1@tinyurl.com,Female
Dasha,dmcerlaineh2@reuters.com,Female
Orran,oriccioppoh3@washingtonpost.com,Male
Sianna,skillcrossh4@google.com.hk,Female
Edvard,escrivensh5@wikia.com,Male
Gloriana,gstillingh6@hao123.com,Female
Veda,viacavoneh7@studiopress.com,Genderqueer
Ricoriki,rjumoneth8@examiner.com,Male
Dwain,dpusillh9@craigslist.org,Male
Sasha,smunningsha@ucla.edu,Female
Jone,jkorfmannhb@amazon.co.uk,Male
Vere,vbelchemhc@adobe.com,Female
Selena,skenrighthd@webmd.com,Female
Dorthy,ddarehe@opera.com,Female
Maureene,mtomeohf@storify.com,Female
Teodor,tvermerhg@telegraph.co.uk,Male
Conan,craithhh@exblog.jp,Male
Damon,dcornuauhi@state.tx.us,Male
Zena,zwicketthj@dailymotion.com,Female
Eldon,eswalowehk@chronoengine.com,Male
Hagen,hfalkhl@altervista.org,Agender
Grant,gduddyhm@hugedomains.com,Male
Andros,abuttenhn@cpanel.net,Genderqueer
Virgina,vmundellho@live.com,Female
Marian,mdelaprellehp@123-reg.co.uk,Female
John,jtollandhq@t-online.de,Male
Miran,maspinalhr@umn.edu,Genderfluid
Mimi,mvasyukhnovhs@time.com,Female
Willis,wsandbrookht@si.edu,Male
Kennett,kbonseyhu@qq.com,Male
Gillian,gdennisshv@examiner.com,Female
Nicholas,nfrieshw@clickbank.net,Male
Emmeline,eminicohx@cnbc.com,Female
Tally,tdevineyhy@mozilla.org,Male
Artur,alangforthhz@netlog.com,Genderfluid
Julian,jnesbitti0@vistaprint.com,Male
Karlie,khami1@theguardian.com,Female
Cullen,cmcorkilli2@typepad.com,Male
Richmond,rmompessoni3@wikia.com,Male
Kora,kaddymani4@blogspot.com,Female
Marleah,mfeighneyi5@archive.org,Female
Vernor,vpearsalli6@uol.com.br,Male
Ewell,edinckei7@icq.com,Male
Welch,wsacazei8@techcrunch.com,Male
Leslie,lipsleyi9@yale.edu,Polygender
Errol,erushmereia@dedecms.com,Male
Janka,jmarchisoib@dailymotion.com,Female
Pebrook,pblandfordic@google.ca,Polygender
Bee,blambaid@spiegel.de,Female
Denise,drimbaultie@cam.ac.uk,Female
Hesther,hbeamanif@amazon.com,Female
Casey,cmenegoig@wired.com,Female
Darelle,dballeineih@miitbeian.gov.cn,Female
Caz,cdzenisenkaii@1und1.de,Male
Kelcie,kfirkij@ucsd.edu,Female
Micheal,mvineallik@blogspot.com,Male
Connor,cestcourtil@cnn.com,Male
Benedetta,bcleminshawim@google.co.uk,Female
Daisy,dberfootin@unblog.fr,Female
Betty,bcomelliniio@hc360.com,Female
Camel,cpossaip@meetup.com,Female
Lucias,lskehaniq@marriott.com,Male
Dana,drennardir@boston.com,Female
Roger,rottewellis@alexa.com,Male
Celestina,cdresselit@geocities.com,Female
Maurie,mgeariu@adobe.com,Genderfluid
Claudio,ccarderoiv@bing.com,Male
Blondy,bshaweiw@smugmug.com,Female
Franz,fwhiteoakix@multiply.com,Male
Evey,ehaycraftiy@plala.or.jp,Polygender
Dione,dmckeggieiz@xrea.com,Bigender
Shoshana,sstallonj0@mashable.com,Female
Zora,zkorpolakj1@wsj.com,Female
Hoebart,hbrickdalej2@seattletimes.com,Male
Drusi,dyarnallj3@phoca.cz,Female
Olympe,okristufekj4@state.gov,Female
Linda,lshortallj5@yahoo.co.jp,Female
Trevar,tharrimanj6@goodreads.com,Male
Burnaby,bdanilyukj7@amazon.de,Male
Daphene,druffeyj8@si.edu,Female
Consuela,crowledgej9@bing.com,Female
Guillermo,gyaknovja@marketwatch.com,Male
Ezmeralda,esolleyjb@huffingtonpost.com,Female
Lionel,lmariotjc@soup.io,Male
Kienan,kmalehamjd@cloudflare.com,Male
Hermione,hslorachje@51.la,Female
Bordie,bwelfairjf@paginegialle.it,Genderqueer
Antonius,aclampejg@pen.io,Male
Darda,dharowerjh@theatlantic.com,Female
Dierdre,dmcclounanji@tuttocitta.it,Female
Mitzi,mwindramjj@com.com,Female
Chris,cplunketjk@dedecms.com,Male
Leah,llynnittjl@walmart.com,Female
Francisco,fbanaszkiewiczjm@1und1.de,Male
Moina,mhearleyjn@harvard.edu,Female
Aubrey,ayoudelljo@gov.uk,Male
Chrisy,cdevonportjp@howstuffworks.com,Male
Heriberto,hreinbachjq@microsoft.com,Male
Lilas,lrawdalesjr@taobao.com,Female
Roseanna,rcroxalljs@example.com,Female
Merwyn,mlangworthyjt@oaic.gov.au,Male
Pren,pcockrillju@elegantthemes.com,Male
Fielding,ftabnerjv@twitter.com,Male
Lindy,lmadinejw@prweb.com,Male
Bobby,bburlayjx@loc.gov,Female
Zared,zcradeyjy@businessinsider.com,Male
Gwenny,gniemetzjz@fotki.com,Female
Analiese,ajanousekk0@ask.com,Female
Towney,tchungk1@indiegogo.com,Male
Clint,craouxk2@bizjournals.com,Male
Lamont,lgrigoryevk3@example.com,Non-binary
Raffaello,rmaudettk4@vk.com,Male
Oswald,ohugonnetk5@amazon.de,Male
Iseabal,icowenk6@devhub.com,Female
Ardith,aygok7@ihg.com,Female
Stu,sgowerk8@baidu.com,Male
Celestia,civankovk9@shareasale.com,Female
Kendre,kkapelhoffka@auda.org.au,Genderqueer
Isa,ifreschikb@go.com,Female
Ferdie,fdoerrenkc@uiuc.edu,Male
Kenneth,kpalliserkd@harvard.edu,Male
Bernardo,bgottske@salon.com,Male
Skippie,ssuggeykf@hhs.gov,Male
Rutter,rcreightonkg@shinystat.com,Male
Madonna,mseinkh@theglobeandmail.com,Female
Mechelle,mtwohigki@dailymotion.com,Female
Burtie,bmillimoekj@biblegateway.com,Male
Enoch,eeastburykk@tinyurl.com,Male
Arri,arosiellokl@cnbc.com,Male
Ignace,imoxsonkm@cdbaby.com,Male
Lind,lhuntresskn@fastcompany.com,Male
Whitby,whaylockko@deliciousdays.com,Male
Towny,tsavegekp@miibeian.gov.cn,Male
Nana,nschiefersteinkq@theatlantic.com,Female
Seka,sconklingkr@tripadvisor.com,Genderfluid
Ettie,efullertonks@google.de,Female
Idelle,irushforthkt@bigcartel.com,Female
Bette-ann,bgambellku@drupal.org,Female
Gwendolyn,gclisskv@amazon.de,Female
Teddi,tharringkw@123-reg.co.uk,Female
Cassius,ccanterokx@hud.gov,Male
Myrtia,mmaslenky@nyu.edu,Non-binary
Franciska,fkitchinghamkz@google.cn,Female
Olia,obumpusl0@4shared.com,Female
Herculie,hsunnucksl1@mozilla.org,Male
Hill,hjarrardl2@cornell.edu,Male
Jerrilyn,jjurkowskil3@dedecms.com,Female
Laurene,lwofendenl4@harvard.edu,Female
Moshe,mhuyghel5@reuters.com,Male
Jilli,jtorral6@ebay.co.uk,Polygender
Lainey,lonolanl7@shop-pro.jp,Female
Mackenzie,mbricklebankl8@wikia.com,Male
Josias,jwannesl9@foxnews.com,Non-binary
Ezequiel,evallackla@weather.com,Male
Sigismund,stiptaftlb@marketwatch.com,Male
Grantley,gbowrylc@scientificamerican.com,Male
Laird,lheveyld@ameblo.jp,Male
Con,cchetterle@pbs.org,Female
Birgit,bstrafenlf@ask.com,Female
Eberto,ehurdwelllg@tripadvisor.com,Male
Rem,rharbisherlh@fda.gov,Genderqueer
Hope,hdejuaresli@dell.com,Female
Austina,abartosinskilj@house.gov,Female
Ado,areynalk@simplemachines.org,Male
Joey,jhessayll@altervista.org,Female
Inna,idaintylm@sakura.ne.jp,Female
Yul,ydulintyln@gravatar.com,Polygender
Dex,dkylelo@prlog.org,Male
Ferrel,fodoughertylp@noaa.gov,Male
Krishna,krapkinslq@bloglovin.com,Male
Janet,jbacksallr@ox.ac.uk,Female
Ilario,iswadonls@fotki.com,Polygender
Jeri,jbenthamlt@squarespace.com,Agender
Roderich,romoylanelu@ebay.com,Male
Clarke,ccazereaulv@elpais.com,Male
Amil,afrylw@bloomberg.com,Female
Rosemary,rbeaudrylx@theguardian.com,Female
Harlen,hfurmagierly@booking.com,Genderqueer
Betti,bmarwicklz@tripadvisor.com,Female
Elisha,ewhittakerm0@amazon.co.uk,Male
Emlynne,ehintzerm1@scientificamerican.com,Female
Drusy,dglentworthm2@nationalgeographic.com,Female
Dill,dpeaceym3@nps.gov,Male
Forrest,fyukhninim4@japanpost.jp,Male
Sarene,sblaydesm5@pbs.org,Female
Darleen,dgouldbournm6@youku.com,Genderfluid
Barbra,bberanekm7@topsy.com,Female
Rosie,rcolleym8@de.vu,Female
Jenine,jmoirm9@theatlantic.com,Female
Rosalinda,rbingema@amazon.co.uk,Female
Nicko,ncopinsmb@hatena.ne.jp,Male
Isadora,ifreckeltonmc@microsoft.com,Female
Cosimo,candrimd@fema.gov,Agender
Hyacinthe,hphillcoxme@behance.net,Female
Juline,jspancockmf@amazon.com,Female
Louella,lwissonmg@jigsy.com,Female
Prudi,ptebbitmh@tripod.com,Female
Sidnee,sbegginmi@ocn.ne.jp,Male
Ashbey,ascimonimj@facebook.com,Male
Myrah,mbuckneymk@ocn.ne.jp,Female
Anallise,ajohnstonml@google.com,Female
Christiana,coggermm@ameblo.jp,Female
Dorena,drechertmn@plala.or.jp,Female
Elijah,ebosquetmo@networksolutions.com,Male
Kirk,kwilkennsonmp@google.co.jp,Male
Rachel,rmalafemq@noaa.gov,Non-binary
Camille,cyarrellmr@lycos.com,Female
Les,lweblingms@unc.edu,Male
Dominique,dperotmt@github.io,Male
Ahmed,abordonemu@census.gov,Polygender
Griz,ghawkeswoodmv@shutterfly.com,Male
Bondie,bjzakmw@opensource.org,Male
Regan,rhurlmx@prnewswire.com,Female
Rawley,retchinghammy@cbc.ca,Male
Vonnie,vleipeltmz@shinystat.com,Female
Joellyn,jtunuyn0@admin.ch,Female
Caralie,cdecroixn1@soup.io,Female
Vinny,vdrainn2@irs.gov,Male
Valle,vayerstn3@about.com,Male
Nissa,nearengeyn4@ucla.edu,Female
Gal,gknyvettn5@slashdot.org,Male
Ray,rsyddien6@mail.ru,Male
Myrlene,mmulberyn7@cpanel.net,Female
Padget,pepplen8@123-reg.co.uk,Male
Winnifred,wsaicen9@mediafire.com,Female
Olga,oantonovna@statcounter.com,Female
Nikolas,nerdelynb@whitehouse.gov,Male
Nikkie,nsaggnc@myspace.com,Female
Laure,lmacgaffeynd@mtv.com,Female
Sandro,shawksleene@homestead.com,Male
Elissa,egothupnf@tmall.com,Female
Germaine,gbarbyng@redcross.org,Male
Morry,msargenh@cdbaby.com,Male
Cherey,cbrandoneni@imgur.com,Female
Lew,ldillestonenj@cornell.edu,Male
Hube,hsmalecombenk@typepad.com,Male
Elka,etiltnl@pagesperso-orange.fr,Female
Peirce,psheardownnm@geocities.com,Male
Lyndsey,lkimbernn@delicious.com,Female
Alain,acorbyno@reddit.com,Male
Emilia,ewittkenp@deviantart.com,Non-binary
Merle,mfencottnq@jugem.jp,Female
Eden,escoffinsnr@java.com,Genderqueer
Lorilee,lheamsns@china.com.cn,Female
Roxane,rmainsonnt@ask.com,Female
Hoyt,hrubinowicznu@plala.or.jp,Male
Herschel,hpatennv@howstuffworks.com,Genderqueer
Alric,aseagernw@miitbeian.gov.cn,Male
Andy,asarlenx@ucla.edu,Female
Timmi,tyegorshinny@aboutads.info,Female
Kippie,kdefontnz@slashdot.org,Male
Prinz,pchampneyso0@drupal.org,Male
Colas,ctrewmano1@fda.gov,Bigender
Brenna,bpetrozzio2@earthlink.net,Female
Leroy,lofinano3@sbwire.com,Male
Stanleigh,sparysownao4@comsenz.com,Male
Lotty,lkunao5@skyrock.com,Female
Cate,cweedso6@weibo.com,Female
Viviyan,vcharterso7@wikispaces.com,Female
Kaitlin,ksollowayo8@mail.ru,Female
Skipp,stalboto9@ustream.tv,Polygender
Daisey,dhorrelloa@histats.com,Female
Lenee,lkleemanob@apple.com,Female
Packston,pleninoc@rediff.com,Male
Jeffry,jpeakod@theguardian.com,Agender
Marlon,miacomellioe@google.ru,Male
Bevin,bhumfreyof@desdev.cn,Male
Kennie,kstolleog@multiply.com,Male
Lucilia,lnoteyoungoh@com.com,Polygender
Tiebold,tprimakoi@foxnews.com,Male
Blanche,bpeyzeroj@typepad.com,Female
Siffre,sgangeok@google.com.hk,Male
Burg,btellenbachol@ibm.com,Male
Mohammed,mpollastroneom@cyberchimps.com,Male
Welby,wcescotion@github.com,Male
Casey,ccolerickoo@nba.com,Male
Titos,twipflerop@symantec.com,Male
Lorne,lpennelloq@topsy.com,Female
Victor,vplailor@cpanel.net,Male
Jenda,jsilsonos@whitehouse.gov,Genderfluid
Annamaria,amidnerot@hc360.com,Female
Bogart,bstratzou@stumbleupon.com,Polygender
Alex,adecristoforoov@networkadvertising.org,Female
Rania,rclapstonow@dion.ne.jp,Female
Marielle,mcasineox@bandcamp.com,Female
Benjamin,bstearnesoy@epa.gov,Male
Ari,abottlesonoz@myspace.com,Male
Morris,mskullyp0@godaddy.com,Male
Engelbert,ecallawayp1@cdc.gov,Male
Merlina,mfirsbyp2@globo.com,Female
Arnaldo,aoughtonp3@etsy.com,Male
Klement,khawlerp4@buzzfeed.com,Agender
Gweneth,gmarenp5@mac.com,Female
Caty,csherebrookep6@ebay.com,Polygender
Georgette,gkayleyp7@biblegateway.com,Female
Odelia,odurtnalp8@army.mil,Female
Thornton,tellertonp9@weibo.com,Genderfluid
Lizzie,lsounesspa@sakura.ne.jp,Female
Augustine,ashowtepb@discovery.com,Female
Brant,bdecleenpc@whitehouse.gov,Male
Appolonia,amerrickspd@earthlink.net,Female
Curtis,cfurtadope@seattletimes.com,Male
Yancy,yherionpf@soup.io,Male
Ardenia,aiannazzipg@princeton.edu,Female
Sacha,sbuglerph@1und1.de,Female
Eirena,eskocroftpi@theatlantic.com,Female
Dollie,dvasserpj@t-online.de,Female
Jonis,jericpk@yandex.ru,Female
Rutter,rrenggerpl@icio.us,Male
Jade,jiverspm@mashable.com,Female
Moira,mpaulonpn@cocolog-nifty.com,Bigender
Moritz,mnanuccioipo@wiley.com,Male
Renata,rdurrellpp@google.it,Female
Auria,asangwinpq@dropbox.com,Female
Celesta,cikringillpr@cmu.edu,Female
Jonathan,jleonps@answers.com,Male
Gretna,givanishchevpt@oracle.com,Female
Vick,vsellenpu@miibeian.gov.cn,Male
Otis,ocoviellopv@wordpress.com,Male
Zacharie,zretchlesspw@51.la,Male
Juliann,jephgravepx@newsvine.com,Female
Rosco,rjewerspy@tamu.edu,Male
Stefa,sdarkepz@boston.com,Female
Skippy,sstrakerq0@zdnet.com,Male
Kelila,kfruserq1@pen.io,Female
Tait,tstirzakerq2@youtube.com,Male
Leeanne,leyersq3@miibeian.gov.cn,Genderfluid
Si,screddonq4@jigsy.com,Male
Scottie,sbodicamq5@bloglovin.com,Male
Parsifal,pwallingtonq6@ifeng.com,Male
Benito,bsvaniniq7@wikia.com,Male
Bartholomeus,bbalfourq8@flickr.com,Male
Ivy,ibingleq9@youku.com,Female
Tiphani,tgosdinqa@shareasale.com,Female
Jeane,jpeinkeqb@deviantart.com,Genderqueer
Nessie,nmebesqc@pbs.org,Female
Damiano,dbamberqd@msu.edu,Male
Melodie,mchurmsqe@mail.ru,Female
Gerome,gdelapqf@google.fr,Male
Alysa,agaigerqg@youtube.com,Female
Nero,nbanthamqh@bbb.org,Male
Regine,rtooneqi@archive.org,Female
Dre,ddorreqj@mapquest.com,Female
Matti,mmcgraghqk@businessinsider.com,Female
Holly,hkleinmintzql@time.com,Male
Cozmo,cbeavorsqm@wikipedia.org,Male
Minetta,mmilleqn@nih.gov,Female
Darryl,dnutleyqo@msn.com,Female
Kellie,ksiselandqp@sphinn.com,Female
Boycey,bstevensonqq@telegraph.co.uk,Male
Miner,mgrundwaterqr@apache.org,Male
Sergent,scosseyqs@bbc.co.uk,Male
Lorette,lhalwoodqt@oakley.com,Female
Neely,nchisnellqu@addthis.com,Female
Lil,lrappportqv@free.fr,Female
Torre,tprugelqw@bloglines.com,Male
Marcelline,mgulcqx@joomla.org,Female
Thaxter,tschneidarqy@storify.com,Male
Pasquale,pcourvertqz@typepad.com,Male
Hobart,hbrockingr0@utexas.edu,Polygender
Kordula,kskittler1@opera.com,Female
Lorrie,lkettemanr2@webs.com,Male
Rosabella,rbengochear3@bravesites.com,Genderqueer
Quint,qwellsteadr4@sphinn.com,Male
Devan,driggsr5@taobao.com,Female
Devy,dmechellr6@trellian.com,Male
Rutger,rbemmentr7@nhs.uk,Male
Gretta,gslingsbyr8@apple.com,Female
Keary,kcawsonr9@usatoday.com,Male
Coleman,calldayra@dot.gov,Male
Con,cbutlerrb@weibo.com,Female
Clarette,cbenettinirc@hubpages.com,Female
Gawen,gburthomrd@liveinternet.ru,Male
Gillie,gjoseburyre@webs.com,Non-binary
Gilles,gbootonrf@techcrunch.com,Agender
Kalle,ktwelvetreesrg@jalbum.net,Male
Barnabe,bdowrh@paypal.com,Bigender
Atlante,apetrenri@mapquest.com,Bigender
Haslett,hstephenrj@google.com.au,Male
Laurence,lcanork@networksolutions.com,Male
Madlin,mcantlerl@ucoz.ru,Female
Rickert,rbilbreyrm@army.mil,Male
Lutero,lpruern@toplist.cz,Male
Sarene,sconeronro@wisc.edu,Female
Katherine,kboaysrp@paginegialle.it,Genderfluid
Tarrah,tsharramrq@people.com.cn,Agender
Myrwyn,mbuyersrr@army.mil,Male
